Date,Price
2017-06-16,76.7
2017-06-17,76.46
2017-06-18,76.14
2017-06-19,75.88
2017-06-20,75.78
2017-06-21,75.79
2017-06-22,75.68
2017-06-23,75.46
2017-06-24,75.23
2017-06-25,74.95
2017-06-26,74.79
2017-06-27,74.71
2017-06-28,74.71
2017-06-29,74.71
2017-06-30,74.56
2017-07-01,74.3
2017-07-02,74.28
2017-07-03,74.35
2017-07-04,74.3
2017-07-05,74.3
2017-07-06,74.41
2017-07-07,74.54
2017-07-08,74.67
2017-07-09,74.86
2017-07-10,75.04
2017-07-11,73.27
2017-07-12,73.27
2017-07-13,73.25
2017-07-14,73.23
2017-07-15,73.37
2017-07-16,73.45
2017-07-17,73.49
2017-07-18,73.54
2017-07-19,73.54
2017-07-20,73.59
2017-07-21,73.61
2017-07-22,73.63
2017-07-23,73.74
2017-07-24,73.87
2017-07-25,73.9
2017-07-26,73.91
2017-07-27,73.92
2017-07-28,74.02
2017-07-29,74.2
2017-07-30,74.33
2017-07-31,74.58
2017-08-01,74.56
2017-08-02,74.63
2017-08-03,74.85
2017-08-04,75.15
2017-08-05,75.43
2017-08-06,75.66
2017-08-07,75.8
2017-08-08,75.89
2017-08-09,75.96
2017-08-10,76.1
2017-08-11,76.41
2017-08-12,76.64
2017-08-13,76.89
2017-08-14,77.09
2017-08-15,77.21
2017-08-16,77.27
2017-08-17,77.37
2017-08-18,77.42
2017-08-19,77.5
2017-08-20,77.51
2017-08-21,77.66
2017-08-22,77.79
2017-08-23,77.86
2017-08-24,78.0
2017-08-25,78.13
2017-08-26,78.14
2017-08-27,78.18
2017-08-28,78.22
2017-08-29,78.24
2017-08-30,78.24
2017-08-31,78.28
2017-09-01,78.38
2017-09-02,78.54
2017-09-03,78.67
2017-09-04,78.78
2017-09-05,78.82
2017-09-06,78.82
2017-09-07,78.92
2017-09-08,79.0
2017-09-09,79.14
2017-09-10,79.28
2017-09-11,79.41
2017-09-12,79.48
2017-09-13,79.48
2017-09-14,79.5
2017-09-15,79.54
2017-09-16,79.59
2017-09-17,79.62
2017-09-18,79.62
2017-09-19,79.63
2017-09-20,79.63
2017-09-21,79.63
2017-09-22,79.58
2017-09-23,79.53
2017-09-24,79.5
2017-09-25,79.52
2017-09-26,79.52
2017-09-27,79.52
2017-09-28,79.57
2017-09-29,79.67
2017-09-30,79.77
2017-10-01,79.87
2017-10-02,79.94
2017-10-03,79.99
2017-10-04,77.51
2017-10-05,77.51
2017-10-06,77.49
2017-10-07,77.48
2017-10-08,77.52
2017-10-09,77.58
2017-10-10,77.58
2017-10-11,75.59
2017-10-12,75.57
2017-10-13,75.55
2017-10-14,75.5
2017-10-15,75.45
2017-10-16,75.41
2017-10-17,75.38
2017-10-18,75.38
2017-10-19,75.45
2017-10-20,75.52
2017-10-21,75.56
2017-10-22,75.69
2017-10-23,75.71
2017-10-24,75.71
2017-10-25,75.73
2017-10-26,75.76
2017-10-27,75.83
2017-10-28,75.95
2017-10-29,76.03
2017-10-30,76.18
2017-10-31,76.24
2017-11-01,76.25
2017-11-02,76.36
2017-11-03,76.45
2017-11-04,76.57
2017-11-05,76.65
2017-11-06,76.79
2017-11-07,76.9
2017-11-08,76.9
2017-11-09,76.95
2017-11-10,76.95
2017-11-11,76.91
2017-11-12,76.88
2017-11-13,76.88
2017-11-14,76.83
2017-11-15,76.78
2017-11-16,76.75
2017-11-17,76.71
2017-11-18,76.67
2017-11-19,76.64
2017-11-20,76.61
2017-11-21,76.63
2017-11-22,76.58
2017-11-23,76.54
2017-11-24,76.52
2017-11-25,76.52
2017-11-26,76.52
2017-11-27,76.52
2017-11-28,76.52
2017-11-29,76.52
2017-11-30,76.52
2017-12-01,76.52
2017-12-02,76.52
2017-12-03,76.54
2017-12-04,76.56
2017-12-05,76.59
2017-12-06,76.6
2017-12-07,76.61
2017-12-08,76.61
2017-12-09,76.62
2017-12-10,76.61
2017-12-11,76.62
2017-12-12,76.64
2017-12-13,76.66
2017-12-14,76.69
2017-12-15,76.78
2017-12-16,76.88
2017-12-17,76.99
2017-12-18,77.06
2017-12-19,77.17
2017-12-20,77.25
2017-12-21,77.32
2017-12-22,77.4
2017-12-23,77.48
2017-12-24,77.46
2017-12-25,77.55
2017-12-26,77.53
2017-12-27,77.62
2017-12-28,77.71
2017-12-29,77.8
2017-12-30,77.84
2017-12-31,77.87
2018-01-01,77.87
2018-01-02,77.87
2018-01-03,77.87
2018-01-04,77.87
2018-01-05,77.89
2018-01-06,78.02
2018-01-07,78.17
2018-01-08,78.32
2018-01-09,78.42
2018-01-10,78.51
2018-01-11,78.55
2018-01-12,78.62
2018-01-13,78.81
2018-01-14,78.94
2018-01-15,79.06
2018-01-16,79.15
2018-01-17,79.27
2018-01-18,79.44
2018-01-19,79.58
2018-01-20,79.77
2018-01-21,79.95
2018-01-22,80.1
2018-01-23,80.25
2018-01-24,80.3
2018-01-25,80.36
2018-01-26,80.5
2018-01-27,80.59
2018-01-28,80.64
2018-01-29,80.71
2018-01-30,80.79
2018-01-31,80.79
2018-02-01,80.91
2018-02-02,80.96
2018-02-03,80.95
2018-02-04,81.02
2018-02-05,81.17
2018-02-06,81.24
2018-02-07,81.24
2018-02-08,81.23
2018-02-09,81.21
2018-02-10,81.19
2018-02-11,81.08
2018-02-12,80.87
2018-02-13,80.81
2018-02-14,80.81
2018-02-15,80.66
2018-02-16,80.39
2018-02-17,80.1
2018-02-18,79.94
2018-02-19,79.8
2018-02-20,79.61
2018-02-21,79.6
2018-02-22,79.58
2018-02-23,79.49
2018-02-24,79.4
2018-02-25,79.38
2018-02-26,79.41
2018-02-27,79.39
2018-02-28,79.39
2018-03-01,79.45
2018-03-02,79.63
2018-03-03,79.87
2018-03-04,80.13
2018-03-05,80.19
2018-03-06,80.26
2018-03-07,80.26
2018-03-08,80.26
2018-03-09,80.3
2018-03-10,80.33
2018-03-11,80.35
2018-03-12,80.32
2018-03-13,80.34
2018-03-14,80.34
2018-03-15,80.32
2018-03-16,80.24
2018-03-17,80.14
2018-03-18,80.07
2018-03-19,80.06
2018-03-20,80.07
2018-03-21,80.07
2018-03-22,80.13
2018-03-23,80.17
2018-03-24,80.25
2018-03-25,80.42
2018-03-26,80.66
2018-03-27,80.77
2018-03-28,80.77
2018-03-29,80.94
2018-03-30,81.17
2018-03-31,81.41
2018-04-01,81.59
2018-04-02,81.69
2018-04-03,81.8
2018-04-04,81.8
2018-04-05,81.83
2018-04-06,81.83
2018-04-07,81.85
2018-04-08,81.88
2018-04-09,81.84
2018-04-10,81.83
2018-04-11,81.83
2018-04-12,81.8
2018-04-13,81.77
2018-04-14,81.79
2018-04-15,81.83
2018-04-16,81.87
2018-04-17,81.87
2018-04-18,81.87
2018-04-19,81.92
2018-04-20,81.93
2018-04-21,82.06
2018-04-22,82.25
2018-04-23,82.35
2018-04-24,82.48
2018-04-25,82.48
2018-04-26,82.48
2018-04-27,82.48
2018-04-28,82.48
2018-04-29,82.48
2018-04-30,82.48
2018-05-01,82.48
2018-05-02,82.48
2018-05-03,82.48
2018-05-04,82.48
2018-05-05,82.48
2018-05-06,82.48
2018-05-07,82.48
2018-05-08,82.48
2018-05-09,82.48
2018-05-10,82.48
2018-05-11,82.48
2018-05-12,82.48
2018-05-13,82.48
2018-05-14,82.65
2018-05-15,82.79
2018-05-16,82.94
2018-05-17,83.16
2018-05-18,83.45
2018-05-19,83.75
2018-05-20,84.07
2018-05-21,84.4
2018-05-22,84.7
2018-05-23,84.99
2018-05-24,85.29
2018-05-25,85.65
2018-05-26,85.78
2018-05-27,85.93
2018-05-28,86.08
2018-05-29,86.24
2018-05-30,86.23
2018-05-31,86.16
2018-06-01,86.1
2018-06-02,86.01
2018-06-03,85.92
2018-06-04,85.77
2018-06-05,85.65
2018-06-06,85.54
2018-06-07,85.45
2018-06-08,85.24
2018-06-09,84.84
2018-06-10,84.61
2018-06-11,84.41
2018-06-12,84.26
2018-06-13,84.26
2018-06-14,84.26
2018-06-15,84.18
2018-06-16,84.18
2018-06-17,84.18
2018-06-18,84.18
2018-06-19,84.06
2018-06-20,84.06
2018-06-21,83.92
2018-06-22,83.74
2018-06-23,83.61
2018-06-24,83.44
2018-06-25,83.3
2018-06-26,83.12
2018-06-27,83.12
2018-06-28,83.12
2018-06-29,83.06
2018-06-30,82.99
2018-07-01,82.94
2018-07-02,82.94
2018-07-03,82.94
2018-07-04,82.94
2018-07-05,83.1
2018-07-06,83.24
2018-07-07,83.37
2018-07-08,83.52
2018-07-09,83.75
2018-07-10,83.91
2018-07-11,83.91
2018-07-12,83.97
2018-07-13,84.14
2018-07-14,84.33
2018-07-15,84.33
2018-07-16,84.22
2018-07-17,84.22
2018-07-18,84.22
2018-07-19,84.22
2018-07-20,84.06
2018-07-21,83.91
2018-07-22,83.82
2018-07-23,83.75
2018-07-24,83.68
2018-07-25,83.68
2018-07-26,83.68
2018-07-27,83.68
2018-07-28,83.61
2018-07-29,83.61
2018-07-30,83.7
2018-07-31,83.76
2018-08-01,83.76
2018-08-02,83.87
2018-08-03,83.94
2018-08-04,84.14
2018-08-05,84.29
2018-08-06,84.41
2018-08-07,84.5
2018-08-08,84.5
2018-08-09,84.5
2018-08-10,84.57
2018-08-11,84.67
2018-08-12,84.67
2018-08-13,84.58
2018-08-14,84.58
2018-08-15,84.58
2018-08-16,84.63
2018-08-17,84.63
2018-08-18,84.71
2018-08-19,84.82
2018-08-20,84.91
2018-08-21,85.0
2018-08-22,85.0
2018-08-23,85.0
2018-08-24,85.09
2018-08-25,85.09
2018-08-26,85.2
2018-08-27,85.33
2018-08-28,85.47
2018-08-29,85.6
2018-08-30,85.72
2018-08-31,85.93
2018-09-01,86.09
2018-09-02,86.25
2018-09-03,86.56
2018-09-04,86.72
2018-09-05,86.72
2018-09-06,86.91
2018-09-07,87.39
2018-09-08,87.77
2018-09-09,87.89
2018-09-10,88.12
2018-09-11,88.26
2018-09-12,88.26
2018-09-13,88.39
2018-09-14,88.67
2018-09-15,89.01
2018-09-16,89.29
2018-09-17,89.44
2018-09-18,89.54
2018-09-19,89.54
2018-09-20,89.6
2018-09-21,89.69
2018-09-22,89.8
2018-09-23,89.97
2018-09-24,90.08
2018-09-25,90.22
2018-09-26,90.22
2018-09-27,90.35
2018-09-28,90.57
2018-09-29,90.75
2018-09-30,90.84
2018-10-01,91.08
2018-10-02,91.2
2018-10-03,91.2
2018-10-04,91.34
2018-10-05,86.97
2018-10-06,87.15
2018-10-07,87.29
2018-10-08,87.5
2018-10-09,87.73
2018-10-10,87.73
2018-10-11,87.82
2018-10-12,87.94
2018-10-13,88.12
2018-10-14,88.18
2018-10-15,88.18
2018-10-16,88.29
2018-10-17,88.29
2018-10-18,88.08
2018-10-19,87.84
2018-10-20,87.46
2018-10-21,87.21
2018-10-22,86.91
2018-10-23,86.81
2018-10-24,86.73
2018-10-25,86.58
2018-10-26,86.33
2018-10-27,85.93
2018-10-28,85.54
2018-10-29,85.24
2018-10-30,85.04
2018-10-31,85.04
2018-11-01,84.86
2018-11-02,84.68
2018-11-03,84.49
2018-11-04,84.28
2018-11-05,84.06
2018-11-06,83.92
2018-11-07,83.92
2018-11-08,83.72
2018-11-09,83.57
2018-11-10,83.4
2018-11-11,83.24
2018-11-12,83.07
2018-11-13,82.94
2018-11-14,82.94
2018-11-15,82.8
2018-11-16,82.62
2018-11-17,82.43
2018-11-18,82.23
2018-11-19,82.04
2018-11-20,81.9
2018-11-21,81.9
2018-11-22,81.5
2018-11-23,81.1
2018-11-24,80.79
2018-11-25,80.38
2018-11-26,80.03
2018-11-27,79.62
2018-11-28,79.12
2018-11-29,78.8
2018-11-30,78.43
2018-12-01,78.09
2018-12-02,77.8
2018-12-03,77.5
2018-12-04,77.29
2018-12-05,77.29
2018-12-06,76.9
2018-12-07,76.5
2018-12-08,76.28
2018-12-09,76.13
2018-12-10,75.9
2018-12-11,75.8
2018-12-12,75.8
2018-12-13,75.91
2018-12-14,75.91
2018-12-15,75.96
2018-12-16,75.96
2018-12-17,76.15
2018-12-18,76.25
2018-12-19,76.25
2018-12-20,76.25
2018-12-21,76.08
2018-12-22,75.89
2018-12-23,75.69
2018-12-24,75.48
2018-12-25,75.41
2018-12-26,75.41
2018-12-27,75.36
2018-12-28,75.18
2018-12-29,74.89
2018-12-30,74.67
2018-12-31,74.47
2019-01-01,74.3
2019-01-02,74.3
2019-01-03,74.3
2019-01-04,74.1
2019-01-05,73.95
2019-01-06,73.95
2019-01-07,74.16
2019-01-08,74.16
2019-01-09,74.16
2019-01-10,74.53
2019-01-11,74.72
2019-01-12,74.91
2019-01-13,75.39
2019-01-14,75.77
2019-01-15,76.05
2019-01-16,75.97
2019-01-17,76.11
2019-01-18,76.18
2019-01-19,76.35
2019-01-20,76.58
2019-01-21,76.77
2019-01-22,76.9
2019-01-23,76.9
2019-01-24,76.9
2019-01-25,76.9
2019-01-26,76.9
2019-01-27,76.9
2019-01-28,76.9
2019-01-29,76.82
2019-01-30,76.82
2019-01-31,76.72
2019-02-01,76.57
2019-02-02,76.47
2019-02-03,76.37
2019-02-04,76.22
2019-02-05,76.08
2019-02-06,76.08
2019-02-07,76.08
2019-02-08,76.02
2019-02-09,75.92
2019-02-10,75.92
2019-02-11,75.97
2019-02-12,75.97
2019-02-13,75.97
2019-02-14,76.03
2019-02-15,76.1
2019-02-16,76.23
2019-02-17,76.39
2019-02-18,76.54
2019-02-19,76.64
2019-02-20,76.64
2019-02-21,76.79
2019-02-22,76.93
2019-02-23,76.99
2019-02-24,77.06
2019-02-25,77.2
2019-02-26,77.29
2019-02-27,77.29
2019-02-28,77.36
2019-03-01,77.44
2019-03-02,77.57
2019-03-03,77.7
2019-03-04,77.8
2019-03-05,77.87
2019-03-06,77.87
2019-03-07,77.87
2019-03-08,77.87
2019-03-09,77.94
2019-03-10,78.03
2019-03-11,78.09
2019-03-12,78.04
2019-03-13,78.04
2019-03-14,78.1
2019-03-15,78.17
2019-03-16,78.25
2019-03-17,78.33
2019-03-18,78.4
2019-03-19,78.4
2019-03-20,78.4
2019-03-21,78.33
2019-03-22,78.38
2019-03-23,78.43
2019-03-24,78.48
2019-03-25,78.48
2019-03-26,78.48
2019-03-27,78.48
2019-03-28,78.43
2019-03-29,78.43
2019-03-30,78.48
2019-03-31,78.48
2019-04-01,78.43
2019-04-02,78.43
2019-04-03,78.43
2019-04-04,78.43
2019-04-05,78.48
2019-04-06,78.48
2019-04-07,78.42
2019-04-08,78.42
2019-04-09,78.37
2019-04-10,78.37
2019-04-11,78.37
2019-04-12,78.43
2019-04-13,78.43
2019-04-14,78.49
2019-04-15,78.55
2019-04-16,78.5
2019-04-17,78.5
2019-04-18,78.5
2019-04-19,78.57
2019-04-20,78.57
2019-04-21,78.52
2019-04-22,78.52
2019-04-23,78.52
2019-04-24,78.52
2019-04-25,78.59
2019-04-26,78.59
2019-04-27,78.65
2019-04-28,78.65
2019-04-29,78.65
2019-04-30,78.7
2019-05-01,78.7
2019-05-02,78.64
2019-05-03,78.64
2019-05-04,78.71
2019-05-05,78.66
2019-05-06,78.59
2019-05-07,78.59
2019-05-08,78.59
2019-05-09,78.44
2019-05-10,78.23
2019-05-11,77.75
2019-05-12,77.34
2019-05-13,77.04
2019-05-14,76.79
2019-05-15,76.79
2019-05-16,76.79
2019-05-17,76.71
2019-05-18,76.64
2019-05-19,76.64
2019-05-20,76.73
2019-05-21,76.78
2019-05-22,76.78
2019-05-23,76.86
2019-05-24,77.0
2019-05-25,77.14
2019-05-26,77.28
2019-05-27,77.38
2019-05-28,77.47
2019-05-29,77.47
2019-05-30,77.41
2019-05-31,77.34
2019-06-01,77.28
2019-06-02,77.16
2019-06-03,76.98
2019-06-04,76.91
2019-06-05,76.91
2019-06-06,76.76
2019-06-07,76.63
2019-06-08,76.41
2019-06-09,76.25
2019-06-10,76.12
2019-06-11,76.12
2019-06-12,76.12
2019-06-13,76.04
2019-06-14,75.88
2019-06-15,75.69
2019-06-16,75.63
2019-06-17,75.63
2019-06-18,75.63
2019-06-19,75.63
2019-06-20,75.63
2019-06-21,75.63
2019-06-22,75.63
2019-06-23,75.68
2019-06-24,75.75
2019-06-25,75.75
2019-06-26,75.75
2019-06-27,75.82
2019-06-28,75.87
2019-06-29,75.97
2019-06-30,76.06
2019-07-01,76.11
2019-07-02,76.15
2019-07-03,76.15
2019-07-04,76.15
2019-07-05,76.15
2019-07-06,78.57
2019-07-07,78.57
2019-07-08,78.57
2019-07-09,78.52
2019-07-10,78.52
2019-07-11,78.52
2019-07-12,78.52
2019-07-13,78.61
2019-07-14,78.69
2019-07-15,78.82
2019-07-16,78.88
2019-07-17,78.88
2019-07-18,78.96
2019-07-19,78.96
2019-07-20,78.96
2019-07-21,78.96
2019-07-22,78.96
2019-07-23,79.02
2019-07-24,79.02
2019-07-25,78.96
2019-07-26,78.9
2019-07-27,78.85
2019-07-28,78.75
2019-07-29,78.61
2019-07-30,78.48
2019-07-31,78.48
2019-08-01,78.42
2019-08-02,78.34
2019-08-03,78.27
2019-08-04,78.17
2019-08-05,78.02
2019-08-06,77.93
2019-08-07,77.93
2019-08-08,77.89
2019-08-09,77.74
2019-08-10,77.74
2019-08-11,77.65
2019-08-12,77.65
2019-08-13,77.65
2019-08-14,77.65
2019-08-15,77.65
2019-08-16,77.65
2019-08-17,77.65
2019-08-18,77.57
2019-08-19,77.5
2019-08-20,77.5
2019-08-21,77.5
2019-08-22,77.5
2019-08-23,77.5
2019-08-24,77.58
2019-08-25,77.65
2019-08-26,77.73
2019-08-27,77.73
2019-08-28,77.73
2019-08-29,77.67
2019-08-30,77.67
2019-08-31,77.67
2019-09-01,77.67
2019-09-02,77.67
2019-09-03,77.67
2019-09-04,77.67
2019-09-05,77.62
2019-09-06,77.54
2019-09-07,77.46
2019-09-08,77.4
2019-09-09,77.4
2019-09-10,77.45
2019-09-11,77.45
2019-09-12,77.5
2019-09-13,77.57
2019-09-14,77.65
2019-09-15,77.71
2019-09-16,77.71
2019-09-17,77.85
2019-09-18,78.1
2019-09-19,78.39
2019-09-20,78.73
2019-09-21,79.02
2019-09-22,79.29
2019-09-23,79.57
2019-09-24,79.79
2019-09-25,79.79
2019-09-26,79.85
2019-09-27,80.0
2019-09-28,80.0
2019-09-29,80.0
2019-09-30,80.08
2019-10-01,80.21
2019-10-02,80.21
2019-10-03,80.11
2019-10-04,79.93
2019-10-05,79.65
2019-10-06,79.5
2019-10-07,79.37
2019-10-08,79.2
2019-10-09,79.2
2019-10-10,79.15
2019-10-11,79.03
2019-10-12,78.93
2019-10-13,78.93
2019-10-14,78.93
2019-10-15,78.88
2019-10-16,78.88
2019-10-17,78.88
2019-10-18,78.88
2019-10-19,78.88
2019-10-20,78.88
2019-10-21,78.88
2019-10-22,78.83
2019-10-23,78.83
2019-10-24,78.78
2019-10-25,78.68
2019-10-26,78.6
2019-10-27,78.6
2019-10-28,78.6
2019-10-29,78.54
2019-10-30,78.54
2019-10-31,78.54
2019-11-01,78.51
2019-11-02,78.48
2019-11-03,78.42
2019-11-04,78.33
2019-11-05,78.28
2019-11-06,78.28
2019-11-07,78.28
2019-11-08,78.38
2019-11-09,78.52
2019-11-10,78.72
2019-11-11,78.87
2019-11-12,78.97
2019-11-13,78.97
2019-11-14,79.12
2019-11-15,79.3
2019-11-16,79.44
2019-11-17,79.55
2019-11-18,79.71
2019-11-19,79.86
2019-11-20,79.86
2019-11-21,79.86
2019-11-22,80.01
2019-11-23,80.1
2019-11-24,80.2
2019-11-25,80.32
2019-11-26,80.42
2019-11-27,80.42
2019-11-28,80.42
2019-11-29,80.46
2019-11-30,80.51
2019-12-01,80.59
2019-12-02,80.59
2019-12-03,80.59
2019-12-04,80.59
2019-12-05,80.59
2019-12-06,80.51
2019-12-07,80.51
2019-12-08,80.6
2019-12-09,80.65
2019-12-10,80.65
2019-12-11,80.65
2019-12-12,80.6
2019-12-13,80.54
2019-12-14,80.49
2019-12-15,80.4
2019-12-16,80.35
2019-12-17,80.29
2019-12-18,80.29
2019-12-19,80.29
2019-12-20,80.29
2019-12-21,80.29
2019-12-22,80.29
2019-12-23,80.29
2019-12-24,80.29
2019-12-25,80.29
2019-12-26,80.34
2019-12-27,80.4
2019-12-28,80.4
2019-12-29,80.53
2019-12-30,80.69
2019-12-31,80.79
2020-01-01,80.79
2020-01-02,80.87
2020-01-03,80.94
2020-01-04,81.04
2020-01-05,81.13
2020-01-06,81.28
2020-01-07,81.33
2020-01-08,81.33
2020-01-09,81.4
2020-01-10,81.55
2020-01-11,81.6
2020-01-12,81.49
2020-01-13,81.39
2020-01-14,81.29
2020-01-15,81.29
2020-01-16,81.14
2020-01-17,81.0
2020-01-18,80.85
2020-01-19,80.68
2020-01-20,80.58
2020-01-21,80.42
2020-01-22,80.42
2020-01-23,80.25
2020-01-24,80.03
2020-01-25,79.76
2020-01-26,79.47
2020-01-27,79.32
2020-01-28,79.21
2020-01-29,79.21
2020-01-30,78.97
2020-01-31,78.88
2020-02-01,78.83
2020-02-02,78.75
2020-02-03,78.69
2020-02-04,78.63
2020-02-05,78.63
2020-02-06,78.55
2020-02-07,78.34
2020-02-08,78.11
2020-02-09,77.89
2020-02-10,77.76
2020-02-11,77.6
2020-02-12,77.6
2020-02-13,77.6
2020-02-14,77.6
2020-02-15,77.6
2020-02-16,77.6
2020-02-17,77.6
2020-02-18,77.56
2020-02-19,77.56
2020-02-20,77.56
2020-02-21,77.56
2020-02-22,77.6
2020-02-23,77.67
2020-02-24,77.67
2020-02-25,77.67
2020-02-26,77.67
2020-02-27,77.62
2020-02-28,77.62
2020-02-29,77.56
2020-03-01,77.4
2020-03-02,77.18
2020-03-03,77.13
2020-03-04,77.13
2020-03-05,76.98
2020-03-06,76.83
2020-03-07,76.71
2020-03-08,76.53
2020-03-09,76.29
2020-03-10,75.99
2020-03-11,75.99
2020-03-12,75.84
2020-03-13,75.7
2020-03-14,75.57
2020-03-15,75.46
2020-03-16,75.3
2020-03-17,75.3
2020-03-18,75.3
2020-03-19,75.3
2020-03-20,75.3
2020-03-21,75.3
2020-03-22,75.3
2020-03-23,75.3
2020-03-24,75.3
2020-03-25,75.3
2020-03-26,75.3
2020-03-27,75.3
2020-03-28,75.3
2020-03-29,75.3
2020-03-30,75.3
2020-03-31,75.3
2020-04-01,76.31
2020-04-02,76.31
2020-04-03,76.31
2020-04-04,76.31
2020-04-05,76.31
2020-04-06,76.31
2020-04-07,76.31
2020-04-08,76.31
2020-04-09,76.31
2020-04-10,76.31
2020-04-11,76.31
2020-04-12,76.31
2020-04-13,76.31
2020-04-14,76.31
2020-04-15,76.31
2020-04-16,76.31
2020-04-17,76.31
2020-04-18,76.31
2020-04-19,76.31
2020-04-20,76.31
2020-04-21,76.31
2020-04-22,76.31
2020-04-23,76.31
2020-04-24,76.31
2020-04-25,76.31
2020-04-26,76.31
2020-04-27,76.31
2020-04-28,76.31
2020-04-29,76.31
2020-04-30,76.31
2020-05-01,76.31
2020-05-02,76.31
2020-05-03,76.31
2020-05-04,76.31
2020-05-05,76.31
2020-05-06,76.31
2020-05-07,76.31
2020-05-08,76.31
2020-05-09,76.31
2020-05-10,76.31
2020-05-11,76.31
2020-05-12,76.31
2020-05-13,76.31
2020-05-14,76.31
2020-05-15,76.31
2020-05-16,76.31
2020-05-17,76.31
2020-05-18,76.31
2020-05-19,76.31
2020-05-20,76.31
2020-05-21,76.31
2020-05-22,76.31
2020-05-23,76.31
2020-05-24,76.31
2020-05-25,76.31
2020-05-26,76.31
2020-05-27,76.31
2020-05-28,76.31
2020-05-29,76.31
2020-05-30,76.31
2020-05-31,76.31
2020-06-01,78.32
2020-06-02,78.32
2020-06-03,78.32
2020-06-04,78.32
2020-06-05,78.32
2020-06-06,78.32
2020-06-07,78.91
2020-06-08,79.49
2020-06-09,80.01
2020-06-10,80.4
2020-06-11,80.98
2020-06-12,81.53
2020-06-13,82.1
2020-06-14,82.7
2020-06-15,83.17
2020-06-16,83.62
2020-06-17,84.15
2020-06-18,84.66
2020-06-19,85.21
2020-06-20,85.7
2020-06-21,86.04
2020-06-22,86.36
2020-06-23,86.54
2020-06-24,86.54
2020-06-25,86.7
2020-06-26,86.91
2020-06-27,87.14
2020-06-28,87.14
2020-06-29,87.19
2020-06-30,87.19
2020-07-01,87.19
2020-07-02,87.19
2020-07-03,87.19
2020-07-04,87.19
2020-07-05,87.19
2020-07-06,87.19
2020-07-07,87.19
2020-07-08,87.19
2020-07-09,87.19
2020-07-10,87.19
2020-07-11,87.19
2020-07-12,87.19
2020-07-13,87.19
2020-07-14,87.19
2020-07-15,87.19
2020-07-16,87.19
2020-07-17,87.19
2020-07-18,87.19
2020-07-19,87.19
2020-07-20,87.19
2020-07-21,87.19
2020-07-22,87.19
2020-07-23,87.19
2020-07-24,87.19
2020-07-25,87.19
2020-07-26,87.19
2020-07-27,87.19
2020-07-28,87.19
2020-07-29,87.19
2020-07-30,87.19
2020-07-31,87.19
2020-08-01,87.19
2020-08-02,87.19
2020-08-03,87.19
2020-08-04,87.19
2020-08-05,87.19
2020-08-06,87.19
2020-08-07,87.19
2020-08-08,87.19
2020-08-09,87.19
2020-08-10,87.19
2020-08-11,87.19
2020-08-12,87.19
2020-08-13,87.19
2020-08-14,87.19
2020-08-15,87.19
2020-08-16,87.31
2020-08-17,87.45
2020-08-18,87.58
2020-08-19,87.58
2020-08-20,87.68
2020-08-21,87.87
2020-08-22,88.02
2020-08-23,88.16
2020-08-24,88.28
2020-08-25,88.39
2020-08-26,88.39
2020-08-27,88.48
2020-08-28,88.58
2020-08-29,88.58
2020-08-30,88.68
2020-08-31,88.68
2020-09-01,88.73
2020-09-02,88.73
2020-09-03,88.73
2020-09-04,88.73
2020-09-05,88.73
2020-09-06,88.73
2020-09-07,88.73
2020-09-08,88.73
2020-09-09,88.73
2020-09-10,88.64
2020-09-11,88.64
2020-09-12,88.51
2020-09-13,88.51
2020-09-14,88.38
2020-09-15,88.21
2020-09-16,88.21
2020-09-17,88.07
2020-09-18,87.82
2020-09-19,87.82
2020-09-20,87.82
2020-09-21,87.82
2020-09-22,87.74
2020-09-23,87.74
2020-09-24,87.74
2020-09-25,87.74
2020-09-26,87.74
2020-09-27,87.74
2020-09-28,87.74
2020-09-29,87.74
2020-09-30,87.74
2020-10-01,87.74
2020-10-02,87.74
2020-10-03,87.74
2020-10-04,87.74
2020-10-05,87.74
2020-10-06,87.74
2020-10-07,87.74
2020-10-08,87.74
2020-10-09,87.74
2020-10-10,87.74
2020-10-11,87.74
2020-10-12,87.74
2020-10-13,87.74
2020-10-14,87.74
2020-10-15,87.74
2020-10-16,87.74
2020-10-17,87.74
2020-10-18,87.74
2020-10-19,87.74
2020-10-20,87.74
2020-10-21,87.74
2020-10-22,87.74
2020-10-23,87.74
2020-10-24,87.74
2020-10-25,87.74
2020-10-26,87.74
2020-10-27,87.74
2020-10-28,87.74
2020-10-29,87.74
2020-10-30,87.74
2020-10-31,87.74
2020-11-01,87.74
2020-11-02,87.74
2020-11-03,87.74
2020-11-04,87.74
2020-11-05,87.74
2020-11-06,87.74
2020-11-07,87.74
2020-11-08,87.74
2020-11-09,87.74
2020-11-10,87.74
2020-11-11,87.74
2020-11-12,87.74
2020-11-13,87.74
2020-11-14,87.74
2020-11-15,87.74
2020-11-16,87.74
2020-11-17,87.74
2020-11-18,87.74
2020-11-19,87.74
2020-11-20,87.92
2020-11-21,88.09
2020-11-22,88.16
2020-11-23,88.23
2020-11-24,88.29
2020-11-25,88.29
2020-11-26,88.4
2020-11-27,88.58
2020-11-28,88.81
2020-11-29,89.02
2020-11-30,89.02
2020-12-01,89.02
2020-12-02,89.16
2020-12-03,89.33
2020-12-04,89.52
2020-12-05,89.78
2020-12-06,90.05
2020-12-07,90.34
2020-12-08,90.34
2020-12-09,90.34
2020-12-10,90.34
2020-12-11,90.34
2020-12-12,90.34
2020-12-13,90.34
2020-12-14,90.34
2020-12-15,90.34
2020-12-16,90.34
2020-12-17,90.34
2020-12-18,90.34
2020-12-19,90.34
2020-12-20,90.34
2020-12-21,90.34
2020-12-22,90.34
2020-12-23,90.34
2020-12-24,90.34
2020-12-25,90.34
2020-12-26,90.34
2020-12-27,90.34
2020-12-28,90.34
2020-12-29,90.34
2020-12-30,90.34
2020-12-31,90.34
2021-01-01,90.34
2021-01-02,90.34
2021-01-03,90.34
2021-01-04,90.34
2021-01-05,90.34
2021-01-06,90.6
2021-01-07,90.83
2021-01-08,90.83
2021-01-09,90.83
2021-01-10,90.83
2021-01-11,90.83
2021-01-12,90.83
2021-01-13,91.07
2021-01-14,91.32
2021-01-15,91.32
2021-01-16,91.32
2021-01-17,91.32
2021-01-18,91.56
2021-01-19,91.8
2021-01-20,91.8
2021-01-21,91.8
2021-01-22,92.04
2021-01-23,92.28
2021-01-24,92.28
2021-01-25,92.28
2021-01-26,92.62
2021-01-27,92.86
2021-01-28,92.86
2021-01-29,92.86
2021-01-30,92.86
2021-01-31,92.86
2021-02-01,92.86
2021-02-02,92.86
2021-02-03,92.86
2021-02-04,93.2
2021-02-05,93.49
2021-02-06,93.49
2021-02-07,93.49
2021-02-08,93.49
2021-02-09,93.83
2021-02-10,94.12
2021-02-11,94.36
2021-02-12,94.64
2021-02-13,94.93
2021-02-14,95.21
2021-02-15,95.46
2021-02-16,95.75
2021-02-17,96.0
2021-02-18,96.32
2021-02-19,96.62
2021-02-20,97.0
2021-02-21,97.0
2021-02-22,97.0
2021-02-23,97.34
2021-02-24,97.34
2021-02-25,97.34
2021-02-26,97.34
2021-02-27,97.57
2021-02-28,97.57
2021-03-01,97.57
2021-03-02,97.57
2021-03-03,97.57
2021-03-04,97.57
2021-03-05,97.57
2021-03-06,97.57
2021-03-07,97.57
2021-03-08,97.57
2021-03-09,97.57
2021-03-10,97.57
2021-03-11,97.57
2021-03-12,97.57
2021-03-13,97.57
2021-03-14,97.57
2021-03-15,97.57
2021-03-16,97.57
2021-03-17,97.57
2021-03-18,97.57
2021-03-19,97.57
2021-03-20,97.57
2021-03-21,97.57
2021-03-22,97.57
2021-03-23,97.57
2021-03-24,97.4
2021-03-25,97.19
2021-03-26,97.19
2021-03-27,97.19
2021-03-28,97.19
2021-03-29,97.19
2021-03-30,96.98
2021-03-31,96.98
2021-04-01,96.98
2021-04-02,96.98
2021-04-03,96.98
2021-04-04,96.98
2021-04-05,96.98
2021-04-06,96.98
2021-04-07,96.98
2021-04-08,96.98
2021-04-09,96.98
2021-04-10,96.98
2021-04-11,96.98
2021-04-12,96.98
2021-04-13,96.98
2021-04-14,96.98
2021-04-15,96.83
2021-04-16,96.83
2021-04-17,96.83
2021-04-18,96.83
2021-04-19,96.83
2021-04-20,96.83
2021-04-21,96.83
2021-04-22,96.83
2021-04-23,96.83
2021-04-24,96.83
2021-04-25,96.83
2021-04-26,96.83
2021-04-27,96.83
2021-04-28,96.83
2021-04-29,96.83
2021-04-30,96.83
2021-05-01,96.83
2021-05-02,96.83
2021-05-03,96.83
2021-05-04,96.95
2021-05-05,97.12
2021-05-06,97.34
2021-05-07,97.61
2021-05-08,97.61
2021-05-09,97.61
2021-05-10,97.86
2021-05-11,98.12
2021-05-12,98.36
2021-05-13,98.36
2021-05-14,98.65
2021-05-15,98.65
2021-05-16,98.88
2021-05-17,98.88
2021-05-18,99.14
2021-05-19,99.14
2021-05-20,99.14
2021-05-21,99.32
2021-05-22,99.32
2021-05-23,99.49
2021-05-24,99.49
2021-05-25,99.71
2021-05-26,99.71
2021-05-27,99.94
2021-05-28,99.94
2021-05-29,100.19
2021-05-30,100.19
2021-05-31,100.47
2021-06-01,100.72
2021-06-02,100.72
2021-06-03,100.72
2021-06-04,100.98
2021-06-05,100.98
2021-06-06,101.25
2021-06-07,101.52
2021-06-08,101.52
2021-06-09,101.76
2021-06-10,101.76
2021-06-11,102.04
2021-06-12,102.3
2021-06-13,102.3
2021-06-14,102.58
2021-06-15,102.58
2021-06-16,102.82
2021-06-17,102.82
2021-06-18,103.08
2021-06-19,103.08
2021-06-20,103.36
2021-06-21,103.36
2021-06-22,103.63
2021-06-23,103.63
2021-06-24,103.89
2021-06-25,103.89
2021-06-26,104.22
2021-06-27,104.56
2021-06-28,104.56
2021-06-29,104.9
2021-06-30,104.9
2021-07-01,104.9
2021-07-02,105.24
2021-07-03,105.24
2021-07-04,105.58
2021-07-05,105.92
2021-07-06,105.92
2021-07-07,106.25
2021-07-08,106.59
2021-07-09,106.59
2021-07-10,106.93
2021-07-11,106.93
2021-07-12,107.2
2021-07-13,107.2
2021-07-14,107.2
2021-07-15,107.54
2021-07-16,107.54
2021-07-17,107.83
2021-07-18,107.83
2021-07-19,107.83
2021-07-20,107.83
2021-07-21,107.83
2021-07-22,107.83
2021-07-23,107.83
2021-07-24,107.83
2021-07-25,107.83
2021-07-26,107.83
2021-07-27,107.83
2021-07-28,107.83
2021-07-29,107.83
2021-07-30,107.83
2021-07-31,107.83
2021-08-01,107.83
2021-08-02,107.83
2021-08-03,107.83
2021-08-04,107.83
2021-08-05,107.83
2021-08-06,107.83
2021-08-07,107.83
2021-08-08,107.83
2021-08-09,107.83
2021-08-10,107.83
2021-08-11,107.83
2021-08-12,107.83
2021-08-13,107.83
2021-08-14,107.83
2021-08-15,107.83
2021-08-16,107.83
2021-08-17,107.83
2021-08-18,107.83
2021-08-19,107.83
2021-08-20,107.83
2021-08-21,107.83
2021-08-22,107.66
2021-08-23,107.66
2021-08-24,107.52
2021-08-25,107.52
2021-08-26,107.52
2021-08-27,107.52
2021-08-28,107.52
2021-08-29,107.52
2021-08-30,107.52
2021-08-31,107.52
2021-09-01,107.39
2021-09-02,107.39
2021-09-03,107.39
2021-09-04,107.39
2021-09-05,107.26
2021-09-06,107.26
2021-09-07,107.26
2021-09-08,107.26
2021-09-09,107.26
2021-09-10,107.26
2021-09-11,107.26
2021-09-12,107.26
2021-09-13,107.26
2021-09-14,107.26
2021-09-15,107.26
2021-09-16,107.26
2021-09-17,107.26
2021-09-18,107.26
2021-09-19,107.26
2021-09-20,107.26
2021-09-21,107.26
2021-09-22,107.26
2021-09-23,107.26
2021-09-24,107.26
2021-09-25,107.26
2021-09-26,107.26
2021-09-27,107.26
2021-09-28,107.47
2021-09-29,107.47
2021-09-30,107.71
2021-10-01,107.95
2021-10-02,108.19
2021-10-03,108.43
2021-10-04,108.43
2021-10-05,108.67
2021-10-06,108.96
2021-10-07,109.25
2021-10-08,109.54
2021-10-09,109.83
2021-10-10,110.12
2021-10-11,110.41
2021-10-12,110.41
2021-10-13,110.41
2021-10-14,110.75
2021-10-15,111.09
2021-10-16,111.43
2021-10-17,111.77
2021-10-18,111.77
2021-10-19,111.77
2021-10-20,112.11
2021-10-21,112.44
2021-10-22,112.78
2021-10-23,113.12
2021-10-24,113.46
2021-10-25,113.46
2021-10-26,113.46
2021-10-27,113.8
2021-10-28,114.14
2021-10-29,114.47
2021-10-30,114.81
2021-10-31,115.15
2021-11-01,115.5
2021-11-02,115.85
2021-11-03,115.85
2021-11-04,109.98
2021-11-05,109.98
2021-11-06,109.98
2021-11-07,109.98
2021-11-08,109.98
2021-11-09,109.98
2021-11-10,109.98
2021-11-11,109.98
2021-11-12,109.98
2021-11-13,109.98
2021-11-14,109.98
2021-11-15,109.98
2021-11-16,109.98
2021-11-17,109.98
2021-11-18,109.98
2021-11-19,109.98
2021-11-20,109.98
2021-11-21,109.98
2021-11-22,109.98
2021-11-23,109.98
2021-11-24,109.98
2021-11-25,109.98
2021-11-26,109.98
2021-11-27,109.98
2021-11-28,109.98
2021-11-29,109.98
2021-11-30,109.98
2021-12-01,109.98
2021-12-02,109.98
2021-12-03,109.98
2021-12-04,109.98
2021-12-05,109.98
2021-12-06,109.98
2021-12-07,109.98
2021-12-08,109.98
2021-12-09,109.98
2021-12-10,109.98
2021-12-11,109.98
2021-12-12,109.98
2021-12-13,109.98
2021-12-14,109.98
2021-12-15,109.98
2021-12-16,109.98
2021-12-17,109.98
2021-12-18,109.98
2021-12-19,109.98
2021-12-20,109.98
2021-12-21,109.98
2021-12-22,109.98
2021-12-23,109.98
2021-12-24,109.98
2021-12-25,109.98
2021-12-26,109.98
2021-12-27,109.98
2021-12-28,109.98
2021-12-29,109.98
2021-12-30,109.98
2021-12-31,109.98
2022-01-01,109.98
2022-01-02,109.98
2022-01-03,109.98
2022-01-04,109.98
2022-01-05,109.98
2022-01-06,109.98
2022-01-07,109.98
2022-01-08,109.98
2022-01-09,109.98
2022-01-10,109.98
2022-01-11,109.98
2022-01-12,109.98
2022-01-13,109.98
2022-01-14,109.98
2022-01-15,109.98
2022-01-16,109.98
2022-01-17,109.98
2022-01-18,109.98
2022-01-19,109.98
2022-01-20,109.98
2022-01-21,109.98
2022-01-22,109.98
2022-01-23,109.98
2022-01-24,109.98
2022-01-25,109.98
2022-01-26,109.98
2022-01-27,109.98
2022-01-28,109.98
2022-01-29,109.98
2022-01-30,109.98
2022-01-31,109.98
2022-02-01,109.98
2022-02-02,109.98
2022-02-03,109.98
2022-02-04,109.98
2022-02-05,109.98
2022-02-06,109.98
2022-02-07,109.98
2022-02-08,109.98
2022-02-09,109.98
2022-02-10,109.98
2022-02-11,109.98
2022-02-12,109.98
2022-02-13,109.98
2022-02-14,109.98
2022-02-15,109.98
2022-02-16,109.98
2022-02-17,109.98
2022-02-18,109.98
2022-02-19,109.98
2022-02-20,109.98
2022-02-21,109.98
2022-02-22,109.98
2022-02-23,109.98
2022-02-24,109.98
2022-02-25,109.98
2022-02-26,109.98
2022-02-27,109.98
2022-02-28,109.98
2022-03-01,109.98
2022-03-02,109.98
2022-03-03,109.98
2022-03-04,109.98
2022-03-05,109.98
2022-03-06,109.98
2022-03-07,109.98
2022-03-08,109.98
2022-03-09,109.98
2022-03-10,109.98
2022-03-11,109.98
2022-03-12,109.98
2022-03-13,109.98
2022-03-14,109.98
2022-03-15,109.98
2022-03-16,109.98
2022-03-17,109.98
2022-03-18,109.98
2022-03-19,109.98
2022-03-20,109.98
2022-03-21,109.98
2022-03-22,110.82
2022-03-23,111.67
2022-03-24,111.67
2022-03-25,112.51
2022-03-26,113.35
2022-03-27,113.88
2022-03-28,114.19
2022-03-29,115.04
2022-03-30,115.88
2022-03-31,116.72
2022-04-01,116.72
2022-04-02,117.57
2022-04-03,118.41
2022-04-04,118.83
2022-04-05,119.67
2022-04-06,120.51
2022-04-07,120.51
2022-04-08,120.51
2022-04-09,120.51
2022-04-10,120.51
2022-04-11,120.51
2022-04-12,120.51
2022-04-13,120.51
2022-04-14,120.51
2022-04-15,120.51
2022-04-16,120.51
2022-04-17,120.51
2022-04-18,120.51
2022-04-19,120.51
2022-04-20,120.51
2022-04-21,120.51
2022-04-22,120.51
2022-04-23,120.51
2022-04-24,120.51
2022-04-25,120.51
2022-04-26,120.51
2022-04-27,120.51
2022-04-28,120.51
2022-04-29,120.51
2022-04-30,120.51
2022-05-01,120.51
2022-05-02,120.51
2022-05-03,120.51
2022-05-04,120.51
2022-05-05,120.51
2022-05-06,120.51
2022-05-07,120.51
2022-05-08,120.51
2022-05-09,120.51
2022-05-10,120.51
2022-05-11,120.51
2022-05-12,120.51
2022-05-13,120.51
2022-05-14,120.51
2022-05-15,120.51
2022-05-16,120.51
2022-05-17,120.51
2022-05-18,120.51
2022-05-19,120.51
2022-05-20,120.51
2022-05-21,120.51
2022-05-22,111.35
2022-05-23,111.35
2022-05-24,111.35
2022-05-25,111.35
2022-05-26,111.35
2022-05-27,111.35
2022-05-28,111.35
2022-05-29,111.35
2022-05-30,111.35
2022-05-31,111.35
2022-06-01,111.35
2022-06-02,111.35
2022-06-03,111.35
2022-06-04,111.35
2022-06-05,111.35
2022-06-06,111.35
2022-06-07,111.35
2022-06-08,111.35
2022-06-09,111.35
2022-06-10,111.35
2022-06-11,111.35
2022-06-12,111.35
2022-06-13,111.35
2022-06-14,111.35
2022-06-15,111.35
2022-06-16,111.35
2022-06-17,111.35
2022-06-18,111.35
2022-06-19,111.35
2022-06-20,111.35
2022-06-21,111.35
2022-06-22,111.35
2022-06-23,111.35
2022-06-24,111.35
2022-06-25,111.35
2022-06-26,111.35
2022-06-27,111.35
2022-06-28,111.35
2022-06-29,111.35
2022-06-30,111.35
2022-07-01,111.35
2022-07-02,111.35
2022-07-03,111.35
2022-07-04,111.35
2022-07-05,111.35
2022-07-06,111.35
2022-07-07,111.35
2022-07-08,111.35
2022-07-09,111.35
2022-07-10,111.35
2022-07-11,111.35
2022-07-12,111.35
2022-07-13,111.35
2022-07-14,111.35
2022-07-15,106.31
2022-07-16,106.31
2022-07-17,106.31
2022-07-18,106.31
2022-07-19,106.31
2022-07-20,106.31
2022-07-21,106.31
2022-07-22,106.31
2022-07-23,106.31
2022-07-24,106.31
2022-07-25,106.31
2022-07-26,106.31
2022-07-27,106.31
2022-07-28,106.31
2022-07-29,106.31
2022-07-30,106.31
2022-07-31,106.31
2022-08-01,106.31
2022-08-02,106.31
2022-08-03,106.31
2022-08-04,106.31
2022-08-05,106.31
2022-08-06,106.31
2022-08-07,106.31
2022-08-08,106.31
2022-08-09,106.31
2022-08-10,106.31
2022-08-11,106.31
2022-08-12,106.31
2022-08-13,106.31
2022-08-14,106.31
2022-08-15,106.31
2022-08-16,106.31
2022-08-17,106.31
2022-08-18,106.31
2022-08-19,106.31
2022-08-20,106.31
2022-08-21,106.31
2022-08-22,106.31
2022-08-23,106.31
2022-08-24,106.31
2022-08-25,106.31
2022-08-26,106.31
2022-08-27,106.31
2022-08-28,106.31
2022-08-29,106.31
2022-08-30,106.31
2022-08-31,106.31
2022-09-01,106.31
2022-09-02,106.31
2022-09-03,106.31
2022-09-04,106.31
2022-09-05,106.31
2022-09-06,106.31
2022-09-07,106.31
2022-09-08,106.31
2022-09-09,106.31
2022-09-10,106.31
2022-09-11,106.31
2022-09-12,106.31
2022-09-13,106.31
2022-09-14,106.31
2022-09-15,106.31
2022-09-16,106.31
2022-09-17,106.31
2022-09-18,106.31
2022-09-19,106.31
2022-09-20,106.31
2022-09-21,106.31
2022-09-22,106.31
2022-09-23,106.31
2022-09-24,106.31
2022-09-25,106.31
2022-09-26,106.31
2022-09-27,106.31
2022-09-28,106.31
2022-09-29,106.31
2022-09-30,106.31
2022-10-01,106.31
2022-10-02,106.31
2022-10-03,106.31
2022-10-04,106.31
2022-10-05,106.31
2022-10-06,106.31
2022-10-07,106.31
2022-10-08,106.31
2022-10-09,106.31
2022-10-10,106.31
2022-10-11,106.31
2022-10-12,106.31
2022-10-13,106.31
2022-10-14,106.31
2022-10-15,106.31
2022-10-16,106.31
2022-10-17,106.31
2022-10-18,106.31
2022-10-19,106.31
2022-10-20,106.31
2022-10-21,106.31
2022-10-22,106.31
2022-10-23,106.31
2022-10-24,106.31
2022-10-25,106.31
2022-10-26,106.31
2022-10-27,106.31
2022-10-28,106.31
2022-10-29,106.31
2022-10-30,106.31
2022-10-31,106.31
2022-11-01,106.31
2022-11-02,106.31
2022-11-03,106.31
2022-11-04,106.31
2022-11-05,106.31
2022-11-06,106.31
2022-11-07,106.31
2022-11-08,106.31
2022-11-09,106.31
2022-11-10,106.31
2022-11-11,106.31
2022-11-12,106.31
2022-11-13,106.31
2022-11-14,106.31
2022-11-15,106.31
2022-11-16,106.31
2022-11-17,106.31
2022-11-18,106.31
2022-11-19,106.31
2022-11-20,106.31
2022-11-21,106.31
2022-11-22,106.31
2022-11-23,106.31
2022-11-24,106.31
2022-11-25,106.31
2022-11-26,106.31
2022-11-27,106.31
2022-11-28,106.31
2022-11-29,106.31
2022-11-30,106.31
2022-12-01,106.31
2022-12-02,106.31
2022-12-03,106.31
2022-12-04,106.31
2022-12-05,106.31
2022-12-06,106.31
2022-12-07,106.31
2022-12-08,106.31
2022-12-09,106.31
2022-12-10,106.31
2022-12-11,106.31
2022-12-12,106.31
2022-12-13,106.31
2022-12-14,106.31
2022-12-15,106.31
2022-12-16,106.31
2022-12-17,106.31
2022-12-18,106.31
2022-12-19,106.31
2022-12-20,106.31
2022-12-21,106.31
2022-12-22,106.31
2022-12-23,106.31
2022-12-24,106.31
2022-12-25,106.31
2022-12-26,106.31
2022-12-27,106.31
2022-12-28,106.31
2022-12-29,106.31
2022-12-30,106.31
2022-12-31,106.31
2023-01-01,106.31
2023-01-02,106.31
2023-01-03,106.31
2023-01-04,106.31
2023-01-05,106.31
2023-01-06,106.31
2023-01-07,106.31
2023-01-08,106.31
2023-01-09,106.31
2023-01-10,106.31
2023-01-11,106.31
2023-01-12,106.31
2023-01-13,106.31
2023-01-14,106.31
2023-01-15,106.31
2023-01-16,106.31
2023-01-17,106.31
2023-01-18,106.31
2023-01-19,106.31
2023-01-20,106.31
2023-01-21,106.31
2023-01-22,106.31
2023-01-23,106.31
2023-01-24,106.31
2023-01-25,106.31
2023-01-26,106.31
2023-01-27,106.31
2023-01-28,106.31
2023-01-29,106.31
2023-01-30,106.31
2023-01-31,106.31
2023-02-01,106.31
2023-02-02,106.31
2023-02-03,106.31
2023-02-04,106.31
2023-02-05,106.31
2023-02-06,106.31
2023-02-07,106.31
2023-02-08,106.31
2023-02-09,106.31
2023-02-10,106.31
2023-02-11,106.31
2023-02-12,106.31
2023-02-13,106.31
2023-02-14,106.31
2023-02-15,106.31
2023-02-16,106.31
2023-02-17,106.31
2023-02-18,106.31
2023-02-19,106.31
2023-02-20,106.31
2023-02-21,106.31
2023-02-22,106.31
2023-02-23,106.31
2023-02-24,106.31
2023-02-25,106.31
2023-02-26,106.31
2023-02-27,106.31
2023-02-28,106.31
2023-03-01,106.31
2023-03-02,106.31
2023-03-03,106.31
2023-03-04,106.31
2023-03-05,106.31
2023-03-06,106.31
2023-03-07,106.31
2023-03-08,106.31
2023-03-09,106.31
2023-03-10,106.31
2023-03-11,106.31
2023-03-12,106.31
2023-03-13,106.31
2023-03-14,106.31
2023-03-15,106.31
2023-03-16,106.31
2023-03-17,106.31
2023-03-18,106.31
2023-03-19,106.31
2023-03-20,106.31
2023-03-21,106.31
2023-03-22,106.31
2023-03-23,106.31
2023-03-24,106.31
2023-03-25,106.31
2023-03-26,106.31
2023-03-27,106.31
2023-03-28,106.31
2023-03-29,106.31
2023-03-30,106.31
2023-03-31,106.31
2023-04-01,106.31
2023-04-02,106.31
2023-04-03,106.31
2023-04-04,106.31
2023-04-05,106.31
2023-04-06,106.31
2023-04-07,106.31
2023-04-08,106.31
2023-04-09,106.31
2023-04-10,106.31
2023-04-11,106.31
2023-04-12,106.31
2023-04-13,106.31
2023-04-14,106.31
2023-04-15,106.31
2023-04-16,106.31
2023-04-17,106.31
2023-04-18,106.31
2023-04-19,106.31
2023-04-20,106.31
2023-04-21,106.31
2023-04-22,106.31
2023-04-23,106.31
2023-04-24,106.31
2023-04-25,106.31
2023-04-26,106.31
2023-04-27,106.31
2023-04-28,106.31
2023-04-29,106.31
2023-04-30,106.31
2023-05-01,106.31
2023-05-02,106.31
2023-05-03,106.31
2023-05-04,106.31
2023-05-05,106.31
2023-05-06,106.31
2023-05-07,106.31
2023-05-08,106.31
2023-05-09,106.31
2023-05-10,106.31
2023-05-11,106.31
2023-05-12,106.31
2023-05-13,106.31
2023-05-14,106.31
2023-05-15,106.31
2023-05-16,106.31
2023-05-17,106.31
2023-05-18,106.31
2023-05-19,106.31
2023-05-20,106.31
2023-05-21,106.31
2023-05-22,106.31
2023-05-23,106.31
2023-05-24,106.31
2023-05-25,106.31
2023-05-26,106.31
2023-05-27,106.31
2023-05-28,106.31
2023-05-29,106.31
2023-05-30,106.31
2023-05-31,106.31
2023-06-01,106.31
2023-06-02,106.31
2023-06-03,106.31
2023-06-04,106.31
2023-06-05,106.31
2023-06-06,106.31
2023-06-07,106.31
2023-06-08,106.31
2023-06-09,106.31
2023-06-10,106.31
2023-06-11,106.31
2023-06-12,106.31
2023-06-13,106.31
2023-06-14,106.31
2023-06-15,106.31
2023-06-16,106.31
2023-06-17,106.31
2023-06-18,106.31
2023-06-19,106.31
2023-06-20,106.31
2023-06-21,106.31
2023-06-22,106.31
2023-06-23,106.31
2023-06-24,106.31
2023-06-25,106.31
2023-06-26,106.31
2023-06-27,106.31
2023-06-28,106.31
2023-06-29,106.31
2023-06-30,106.31
2023-07-01,106.31
2023-07-02,106.31
2023-07-03,106.31
2023-07-04,106.31
2023-07-05,106.31
2023-07-06,106.31
2023-07-07,106.31
2023-07-08,106.31
2023-07-09,106.31
2023-07-10,106.31
2023-07-11,106.31
2023-07-12,106.31
2023-07-13,106.31
2023-07-14,106.31
2023-07-15,106.31
2023-07-16,106.31
2023-07-17,106.31
2023-07-18,106.31
2023-07-19,106.31
2023-07-20,106.31
2023-07-21,106.31
2023-07-22,106.31
2023-07-23,106.31
2023-07-24,106.31
2023-07-25,106.31
2023-07-26,106.31
2023-07-27,106.31
2023-07-28,106.31
2023-07-29,106.31
2023-07-30,106.31
2023-07-31,106.31
2023-08-01,106.31
2023-08-02,106.31
2023-08-03,106.31
2023-08-04,106.31
2023-08-05,106.31
2023-08-06,106.31
2023-08-07,106.31
2023-08-08,106.31
2023-08-09,106.31
2023-08-10,106.31
2023-08-11,106.31
2023-08-12,106.31
2023-08-13,106.31
2023-08-14,106.31
2023-08-15,106.31
2023-08-16,106.31
2023-08-17,106.31
2023-08-18,106.31
2023-08-19,106.31
2023-08-20,106.31
2023-08-21,106.31
2023-08-22,106.31
2023-08-23,106.31
2023-08-24,106.31
2023-08-25,106.31
2023-08-26,106.31
2023-08-27,106.31
2023-08-28,106.31
2023-08-29,106.31
2023-08-30,106.31
2023-08-31,106.31
2023-09-01,106.31
2023-09-02,106.31
2023-09-03,106.31
2023-09-04,106.31
2023-09-05,106.31
2023-09-06,106.31
2023-09-07,106.31
2023-09-08,106.31
2023-09-09,106.31
2023-09-10,106.31
2023-09-11,106.31
2023-09-12,106.31
2023-09-13,106.31
2023-09-14,106.31
2023-09-15,106.31
2023-09-16,106.31
2023-09-17,106.31
2023-09-18,106.31
2023-09-19,106.31
2023-09-20,106.31
2023-09-21,106.31
2023-09-22,106.31
2023-09-23,106.31
2023-09-24,106.31
2023-09-25,106.31
2023-09-26,106.31
2023-09-27,106.31
2023-09-28,106.31
2023-09-29,106.31
2023-09-30,106.31
2023-10-01,106.31
2023-10-02,106.31
2023-10-03,106.31
2023-10-04,106.31
2023-10-05,106.31
2023-10-06,106.31
2023-10-07,106.31
2023-10-08,106.31
2023-10-09,106.31
2023-10-10,106.31
2023-10-11,106.31
2023-10-12,106.31
2023-10-13,106.31
2023-10-14,106.31
2023-10-15,106.31
2023-10-16,106.31
2023-10-17,106.31
2023-10-18,106.31
2023-10-19,106.31
2023-10-20,106.31
2023-10-21,106.31
2023-10-22,106.31
2023-10-23,106.31
2023-10-24,106.31
2023-10-25,106.31
2023-10-26,106.31
2023-10-27,106.31
2023-10-28,106.31
2023-10-29,106.31
2023-10-30,106.31
2023-10-31,106.31
2023-11-01,106.31
2023-11-02,106.31
2023-11-03,106.31
2023-11-04,106.31
2023-11-05,106.31
2023-11-06,106.31
2023-11-07,106.31
2023-11-08,106.31
2023-11-09,106.31
2023-11-10,106.31
2023-11-11,106.31
2023-11-12,106.31
2023-11-13,106.31
2023-11-14,106.31
2023-11-15,106.31
2023-11-16,106.31
2023-11-17,106.31
2023-11-18,106.31
2023-11-19,106.31
2023-11-20,106.31
2023-11-21,106.31
2023-11-22,106.31
2023-11-23,106.31
2023-11-24,106.31
2023-11-25,106.31
2023-11-26,106.31
2023-11-27,106.31
2023-11-28,106.31
2023-11-29,106.31
2023-11-30,106.31
2023-12-01,106.31
2023-12-02,106.31
2023-12-03,106.31
2023-12-04,106.31
2023-12-05,106.31
2023-12-06,106.31
2023-12-07,106.31
2023-12-08,106.31
2023-12-09,106.31
2023-12-10,106.31
2023-12-11,106.31
2023-12-12,106.31
2023-12-13,106.31
2023-12-14,106.31
2023-12-15,106.31
2023-12-16,106.31
2023-12-17,106.31
2023-12-18,106.31
2023-12-19,106.31
2023-12-20,106.31
2023-12-21,106.31
2023-12-22,106.31
2023-12-23,106.31
2023-12-24,106.31
2023-12-25,106.31
2023-12-26,106.31
2023-12-27,106.31
2023-12-28,106.31
2023-12-29,106.31
2023-12-30,106.31
2023-12-31,106.31
2024-01-01,106.31
2024-01-02,106.31
2024-01-03,106.31
2024-01-04,106.31
2024-01-05,106.31
2024-01-06,106.31
2024-01-07,106.31
2024-01-08,106.31
2024-01-09,106.31
2024-01-10,106.31
2024-01-11,106.31
2024-01-12,106.31
2024-01-13,106.31
2024-01-14,106.31
2024-01-15,106.31
2024-01-16,106.31
2024-01-17,106.31
2024-01-18,106.31
2024-01-19,106.31
2024-01-20,106.31
2024-01-21,106.31
2024-01-22,106.31
2024-01-23,106.31
2024-01-24,106.31
2024-01-25,106.31
2024-01-26,106.31
2024-01-27,106.31
2024-01-28,106.31
2024-01-29,106.31
2024-01-30,106.31
2024-01-31,106.31
2024-02-01,106.31
2024-02-02,106.31
2024-02-03,106.31
2024-02-04,106.31
2024-02-05,106.31
2024-02-06,106.31
2024-02-07,106.31
2024-02-08,106.31
2024-02-09,106.31
2024-02-10,106.31
2024-02-11,106.31
2024-02-12,106.31
2024-02-13,106.31
2024-02-14,106.31
2024-02-15,106.31
2024-02-16,106.31
2024-02-17,106.31
2024-02-18,106.31
2024-02-19,106.31
2024-02-20,106.31
2024-02-21,106.31
2024-02-22,106.31
2024-02-23,106.31
2024-02-24,106.31
2024-02-25,106.31
2024-02-26,106.31
2024-02-27,106.31
2024-02-28,106.31
2024-02-29,106.31
2024-03-01,106.31
2024-03-02,106.31
2024-03-03,106.31
2024-03-04,106.31
2024-03-05,106.31
2024-03-06,106.31
2024-03-07,106.31
2024-03-08,106.31
2024-03-09,106.31
2024-03-10,106.31
2024-03-11,106.31
2024-03-12,106.31
2024-03-13,106.31
2024-03-14,106.31
2024-03-15,104.21
2024-03-16,104.21
2024-03-17,104.21
2024-03-18,104.21
2024-03-19,104.21
2024-03-20,104.21
2024-03-21,104.21
2024-03-22,104.21
2024-03-23,104.21
2024-03-24,104.21
2024-03-25,104.21
2024-03-26,104.21
2024-03-27,104.21
2024-03-28,104.21
2024-03-29,104.21
2024-03-30,104.21
2024-03-31,104.21
2024-04-01,104.21
2024-04-02,104.21
2024-04-03,104.21
2024-04-04,104.21
2024-04-05,104.21
2024-04-06,104.21
2024-04-07,104.21
2024-04-08,104.21
2024-04-09,104.21
2024-04-10,104.21
2024-04-11,104.21
2024-04-12,104.21
2024-04-13,104.21
2024-04-14,104.21
2024-04-15,104.21
2024-04-16,104.21
2024-04-17,104.21
2024-04-18,104.21
2024-04-19,104.21
2024-04-20,104.21
2024-04-21,104.21
2024-04-22,104.21
2024-04-23,104.21
2024-04-24,104.21
2024-04-25,104.21
2024-04-26,104.21
2024-04-27,104.21
2024-04-28,104.21
2024-04-29,104.21
2024-04-30,104.21
2024-05-01,104.21
2024-05-02,104.21
2024-05-03,104.21
2024-05-04,104.21
2024-05-05,104.21
2024-05-06,104.21
2024-05-07,104.21
2024-05-08,104.21
2024-05-09,104.21
2024-05-10,104.21
2024-05-11,104.21
2024-05-12,104.21
2024-05-13,104.21
2024-05-14,104.21
2024-05-15,104.21
2024-05-16,104.21
2024-05-17,104.21
2024-05-18,104.21
2024-05-19,104.21
2024-05-20,104.21
2024-05-21,104.21
2024-05-22,104.21
2024-05-23,104.21
2024-05-24,104.21
2024-05-25,104.21
2024-05-26,104.21
2024-05-27,104.21
2024-05-28,104.21
2024-05-29,104.21
2024-05-30,104.21
2024-05-31,104.21
2024-06-01,104.21
2024-06-02,104.21
2024-06-03,104.21
2024-06-04,104.21
2024-06-05,104.21
2024-06-06,104.21
2024-06-07,104.21
2024-06-08,104.21
2024-06-09,104.21
2024-06-10,104.21
2024-06-11,104.21
2024-06-12,104.21
2024-06-13,104.21
2024-06-14,104.21
2024-06-15,104.21
2024-06-16,104.21
2024-06-17,104.21
2024-06-18,104.21
2024-06-19,104.21
2024-06-20,104.21
2024-06-21,104.21
2024-06-22,104.21
2024-06-23,104.21
2024-06-24,104.21
2024-06-25,104.21
2024-06-26,104.21
2024-06-27,104.21
2024-06-28,104.21
2024-06-29,103.44
2024-06-30,103.44
2024-07-01,103.44
2024-07-02,103.44
2024-07-03,103.44
2024-07-04,103.44
2024-07-05,103.44
2024-07-06,103.44
2024-07-07,103.44
2024-07-08,103.44
2024-07-09,103.44
2024-07-10,103.44
2024-07-11,103.44
2024-07-12,103.44
2024-07-13,103.44
2024-07-14,103.44
2024-07-15,103.44
2024-07-16,103.44
2024-07-17,103.44
2024-07-18,103.44
2024-07-19,103.44
2024-07-20,103.44
2024-07-21,103.44
2024-07-22,103.44
2024-07-23,103.44
2024-07-24,103.44
2024-07-25,103.44
2024-07-26,103.44
2024-07-27,103.44
2024-07-28,103.44
2024-07-29,103.44
2024-07-30,103.44
2024-07-31,103.44
2024-08-01,103.44
2024-08-02,103.44
2024-08-03,103.44
2024-08-04,103.44
2024-08-05,103.44
2024-08-06,103.44
2024-08-07,103.44
2024-08-08,103.44
2024-08-09,103.44
2024-08-10,103.44
2024-08-11,103.44
2024-08-12,103.44
2024-08-13,103.44
2024-08-14,103.44
2024-08-15,103.44
2024-08-16,103.44
2024-08-17,103.44
2024-08-18,103.44
2024-08-19,103.44
2024-08-20,103.44
2024-08-21,103.44
2024-08-22,103.44
2024-08-23,103.44
2024-08-24,103.44
2024-08-25,103.44
2024-08-26,103.44
2024-08-27,103.44
2024-08-28,103.44
2024-08-29,103.44
2024-08-30,103.44
2024-08-31,103.44
2024-09-01,103.44
2024-09-02,103.44
2024-09-03,103.44
2024-09-04,103.44
2024-09-05,103.44
2024-09-06,103.44
2024-09-07,103.44
2024-09-08,103.44
2024-09-09,103.44
2024-09-10,103.44
2024-09-11,103.44
2024-09-12,103.44
2024-09-13,103.44
2024-09-14,103.44
2024-09-15,103.44
2024-09-16,103.44
2024-09-17,103.44
2024-09-18,103.44
2024-09-19,103.44
2024-09-20,103.44
2024-09-21,103.44
2024-09-22,103.44
2024-09-23,103.44
2024-09-24,103.44
2024-09-25,103.44
2024-09-26,103.44
2024-09-27,103.44
2024-09-28,103.44
2024-09-29,103.44
2024-09-30,103.44
2024-10-01,103.44
2024-10-02,103.44
2024-10-03,103.44
2024-10-04,103.44
2024-10-05,103.44
2024-10-06,103.44
2024-10-07,103.44
2024-10-08,103.44
2024-10-09,103.44
2024-10-10,103.44
2024-10-11,103.44
2024-10-12,103.44
2024-10-13,103.44
2024-10-14,103.44
2024-10-15,103.44
2024-10-16,103.44
2024-10-17,103.44
2024-10-18,103.44
2024-10-19,103.44
2024-10-20,103.44
2024-10-21,103.44
2024-10-22,103.44
2024-10-23,103.44
2024-10-24,103.44
2024-10-25,103.44
2024-10-26,103.44
2024-10-27,103.44
2024-10-28,103.44
2024-10-29,103.44
2024-10-30,103.44
2024-10-31,103.44
2024-11-01,103.44
2024-11-02,103.44
2024-11-03,103.44
2024-11-04,103.44
2024-11-05,103.44
2024-11-06,103.44
2024-11-07,103.44
2024-11-08,103.44
2024-11-09,103.44
2024-11-10,103.44
2024-11-11,103.44
2024-11-12,103.44
2024-11-13,103.44
2024-11-14,103.44
2024-11-15,103.44
2024-11-16,103.44
2024-11-17,103.44
2024-11-18,103.44
2024-11-19,103.44
2024-11-20,103.44
2024-11-21,103.44
2024-11-22,103.44
2024-11-23,103.44
2024-11-24,103.44
2024-11-25,103.44
2024-11-26,103.44
2024-11-27,103.44
2024-11-28,103.44
2024-11-29,103.44
2024-11-30,103.44
2024-12-01,103.5
2024-12-02,103.5
2024-12-03,103.5
2024-12-04,103.5
2024-12-05,103.5
2024-12-06,103.5
2024-12-07,103.5
2024-12-08,103.5
2024-12-09,103.5
2024-12-10,103.5
2024-12-11,103.5
2024-12-12,103.5
2024-12-13,103.5
2024-12-14,103.5
2024-12-15,103.5
2024-12-16,103.5
2024-12-17,103.5
2024-12-18,103.5
2024-12-19,103.5
2024-12-20,103.5
2024-12-21,103.5
2024-12-22,103.5
2024-12-23,103.5
2024-12-24,103.5
2024-12-25,103.5
2024-12-26,103.5
2024-12-27,103.5
2024-12-28,103.5
2024-12-29,103.5
2024-12-30,103.5
2024-12-31,103.5
2025-01-01,103.5
2025-01-02,103.5
2025-01-03,103.5
2025-01-04,103.5
2025-01-05,103.5
2025-01-06,103.5
2025-01-07,103.5
2025-01-08,103.5
2025-01-09,103.5
2025-01-10,103.5
2025-01-11,103.5
2025-01-12,103.5
2025-01-13,103.5
2025-01-14,103.5
2025-01-15,103.5
2025-01-16,103.5
2025-01-17,103.5
2025-01-18,103.5
2025-01-19,103.5
2025-01-20,103.5
2025-01-21,103.5
2025-01-22,103.5
2025-01-23,103.5
2025-01-24,103.5
2025-01-25,103.5
2025-01-26,103.5
2025-01-27,103.5
2025-01-28,103.5
2025-01-29,103.5
2025-01-30,103.5
2025-01-31,103.5
2025-02-01,103.5
2025-02-02,103.5
2025-02-03,103.5
2025-02-04,103.5
2025-02-05,103.5
2025-02-06,103.5
2025-02-07,103.5
2025-02-08,103.5
2025-02-09,103.5
2025-02-10,103.5
2025-02-11,103.5
2025-02-12,103.5
2025-02-13,103.5
2025-02-14,103.5
2025-02-15,103.5
2025-02-16,103.5
2025-02-17,103.5
2025-02-18,103.5
2025-02-19,103.5
2025-02-20,103.5
2025-02-21,103.5
2025-02-22,103.5
2025-02-23,103.5
2025-02-24,103.5
2025-02-25,103.5
2025-02-26,103.5
2025-02-27,103.5
2025-02-28,103.5
2025-03-01,103.5
2025-03-02,103.5
2025-03-03,103.5
2025-03-04,103.5
2025-03-05,103.5
2025-03-06,103.5
2025-03-07,103.5
2025-03-08,103.5
2025-03-09,103.5
2025-03-10,103.5
2025-03-11,103.5
2025-03-12,103.5
2025-03-13,103.5
2025-03-14,103.5
2025-03-15,103.5
2025-03-16,103.5
2025-03-17,103.5
2025-03-18,103.5
2025-03-19,103.5
2025-03-20,103.5
2025-03-21,103.5
2025-03-22,103.5
2025-03-23,103.5
2025-03-24,103.5
2025-03-25,103.5
2025-03-26,103.5
2025-03-27,103.5
2025-03-28,103.5
2025-03-29,103.5
2025-03-30,103.5
2025-03-31,103.5
2025-04-01,103.5
2025-04-02,103.5
2025-04-03,103.5
2025-04-04,103.5
2025-04-05,103.5
2025-04-06,103.5
2025-04-07,103.5
2025-04-08,103.5
2025-04-09,103.5
2025-04-10,103.5
2025-04-11,103.5
2025-04-12,103.5
2025-04-13,103.5
2025-04-14,103.5
2025-04-15,103.5
2025-04-16,103.5
2025-04-17,103.5
2025-04-18,103.5
2025-04-19,103.5
2025-04-20,103.5
2025-04-21,103.5
2025-04-22,103.5
2025-04-23,103.5
2025-04-24,103.5
2025-04-25,103.5
2025-04-26,103.5
2025-04-27,103.5
2025-04-28,103.5
2025-04-29,103.5
2025-04-30,103.5
2025-05-01,103.5
2025-05-02,103.5
2025-05-03,103.5
2025-05-04,103.5
2025-05-05,103.5
2025-05-06,103.5
2025-05-07,103.5
2025-05-08,103.5
2025-05-09,103.5
2025-05-10,103.5
2025-05-11,103.5
2025-05-12,103.5
2025-05-13,103.5
2025-05-14,103.5
2025-05-15,103.5
2025-05-16,103.5
2025-05-17,103.5
2025-05-18,103.5
2025-05-19,103.5
2025-05-20,103.5
2025-05-21,103.5
2025-05-22,103.5
2025-05-23,103.5
2025-05-24,103.5
2025-05-25,103.5
2025-05-26,103.5
2025-05-27,103.5
2025-05-28,103.5
2025-05-29,103.5
2025-05-30,103.5
2025-05-31,103.5
2025-06-01,103.5
2025-06-02,103.5
2025-06-03,103.5
2025-06-04,103.5
2025-06-05,103.5
2025-06-06,103.5
2025-06-07,103.5
2025-06-08,103.5
2025-06-09,103.5
2025-06-10,103.5
2025-06-11,103.5
2025-06-12,103.5
2025-06-13,103.5
2025-06-14,103.5
2025-06-15,103.5
2025-06-16,103.5
2025-06-17,103.5
2025-06-18,103.5
2025-06-19,103.5
2025-06-20,103.5
2025-06-21,103.5
2025-06-22,103.5
2025-06-23,103.5
2025-06-24,103.5
2025-06-25,103.5
2025-06-26,103.5
2025-06-27,103.5
2025-06-28,103.5
2025-06-29,103.5
2025-06-30,103.5
2025-07-01,103.5
2025-07-02,103.5
2025-07-03,103.5
2025-07-04,103.5
2025-07-05,103.5
2025-07-06,103.5
2025-07-07,103.5
2025-07-08,103.5
2025-07-09,103.5
2025-07-10,103.5
2025-07-11,103.5
2025-07-12,103.5
2025-07-13,103.5
2025-07-14,103.5
2025-07-15,103.5
2025-07-16,103.5
2025-07-17,103.5
2025-07-18,103.5
2025-07-19,103.5
2025-07-20,103.5
2025-07-21,103.5
2025-07-22,103.5
2025-07-23,103.5
2025-07-24,103.5
2025-07-25,103.5
2025-07-26,103.5
2025-07-27,103.5
2025-07-28,103.5
2025-07-29,103.5
2025-07-30,103.5
2025-07-31,103.5
2025-08-01,103.5
2025-08-02,103.5
2025-08-03,103.5
2025-08-04,103.5
2025-08-05,103.5
2025-08-06,103.5
2025-08-07,103.5
2025-08-08,103.5
2025-08-09,103.5
2025-08-10,103.5
2025-08-11,103.5
2025-08-12,103.5
2025-08-13,103.5
2025-08-14,103.5
2025-08-15,103.5
2025-08-16,103.5
2025-08-17,103.5
2025-08-18,103.5
2025-08-19,103.5
2025-08-20,103.5
2025-08-21,103.5
2025-08-22,103.5
2025-08-23,103.5
2025-08-24,103.5
2025-08-25,103.5
2025-08-26,103.5
2025-08-27,103.5
2025-08-28,103.5
2025-08-29,103.5
2025-08-30,103.5
2025-08-31,103.5
2025-09-01,103.5
2025-09-02,103.5
2025-09-03,103.5
2025-09-04,103.5
2025-09-05,103.5
2025-09-06,103.5
2025-09-07,103.5
2025-09-08,103.5
2025-09-09,103.5
2025-09-10,103.5
2025-09-11,103.5
2025-09-12,103.5
2025-09-13,103.5
2025-09-14,103.5
2025-09-15,103.5
2025-09-16,103.5
2025-09-17,103.5
2025-09-18,103.5
2025-09-19,103.5
2025-09-20,103.5
2025-09-21,103.5
2025-09-22,103.5
2025-09-23,103.5
2025-09-24,103.5
2025-09-25,103.5
2025-09-26,103.5
2025-09-27,103.5
2025-09-28,103.5
2025-09-29,103.5
2025-09-30,103.5
2025-10-01,103.5
2025-10-02,103.5
2025-10-03,103.5
2025-10-04,103.5
2025-10-05,103.5
2025-10-06,103.5
2025-10-07,103.5
2025-10-08,103.5
2025-10-09,103.5
